144-54-121-255,144-54-121-255,144-54-121-255,144-54-121-255,144-54-121-255,144-54-121-255,144-54-121-255,144-54-121-255,144-54-121-255,144-54-121-255,144-54-121-255,144-54-121-255,144-54-121-255,144-54-121-255,144-54-121-255,144-54-121-255,144-54-121-255,144-54-121-255,144-54-121-255,144-54-121-255,144-54-121-255,144-54-121-255,144-54-121-255,144-54-121-255,144-54-121-255,144-54-121-255,144-54-121-255,144-54-121-255,144-54-121-255,144-54-121-255,144-54-121-255,144-54-121-255,144-54-121-255,144-54-121-255,144-54-121-255,144-54-121-255,144-54-121-255,144-54-121-255,144-54-121-255,144-54-121-255,144-54-121-255,144-54-121-255,144-54-121-255,144-54-121-255,144-54-121-255
144-54-121-255,144-54-121-255,144-54-121-255,144-54-121-255,144-54-121-255,144-54-121-255,144-54-121-255,144-54-121-255,144-54-121-255,144-54-121-255,144-54-121-255,144-54-121-255,144-54-121-255,144-54-121-255,144-54-121-255,144-54-121-255,144-54-121-255,144-54-121-255,144-54-121-255,144-54-121-255,144-54-121-255,144-54-121-255,144-54-121-255,144-54-121-255,144-54-121-255,144-54-121-255,144-54-121-255,144-54-121-255,144-54-121-255,144-54-121-255,144-54-121-255,144-54-121-255,144-54-121-255,144-54-121-255,144-54-121-255,144-54-121-255,144-54-121-255,144-54-121-255,144-54-121-255,144-54-121-255,144-54-121-255,144-54-121-255,144-54-121-255,144-54-121-255,144-54-121-255
144-54-121-255,144-54-121-255,144-54-121-255,144-54-121-255,144-54-121-255,144-54-121-255,144-54-121-255,144-54-121-255,144-54-121-255,144-54-121-255,144-54-121-255,144-54-121-255,144-54-121-255,144-54-121-255,144-54-121-255,144-54-121-255,144-54-121-255,144-54-121-255,144-54-121-255,144-54-121-255,144-54-121-255,144-54-121-255,144-54-121-255,144-54-121-255,144-54-121-255,144-54-121-255,144-54-121-255,144-54-121-255,144-54-121-255,144-54-121-255,144-54-121-255,144-54-121-255,144-54-121-255,144-54-121-255,144-54-121-255,144-54-121-255,144-54-121-255,144-54-121-255,144-54-121-255,144-54-121-255,144-54-121-255,144-54-121-255,144-54-121-255,144-54-121-255,144-54-121-255
144-54-121-255,144-54-121-255,144-54-121-255,144-54-121-255,144-54-121-255,144-54-121-255,144-54-121-255,144-54-121-255,144-54-121-255,144-54-121-255,144-54-121-255,144-54-121-255,144-54-121-255,144-54-121-255,144-54-121-255,144-54-121-255,144-54-121-255,144-54-121-255,144-54-121-255,144-54-121-255,144-54-121-255,144-54-121-255,144-54-121-255,144-54-121-255,144-54-121-255,144-54-121-255,144-54-121-255,144-54-121-255,144-54-121-255,144-54-121-255,144-54-121-255,144-54-121-255,144-54-121-255,144-54-121-255,144-54-121-255,144-54-121-255,144-54-121-255,144-54-121-255,144-54-121-255,144-54-121-255,144-54-121-255,144-54-121-255,144-54-121-255,144-54-121-255,144-54-121-255
144-54-121-255,144-54-121-255,144-54-121-255,144-54-121-255,144-54-121-255,144-54-121-255,144-54-121-255,144-54-121-255,144-54-121-255,144-54-121-255,144-54-121-255,144-54-121-255,144-54-121-255,144-54-121-255,144-54-121-255,144-54-121-255,144-54-121-255,144-54-121-255,144-54-121-255,144-54-121-255,144-54-121-255,144-54-121-255,144-54-121-255,144-54-121-255,144-54-121-255,144-54-121-255,144-54-121-255,144-54-121-255,144-54-121-255,144-54-121-255,144-54-121-255,144-54-121-255,144-54-121-255,144-54-121-255,144-54-121-255,144-54-121-255,144-54-121-255,144-54-121-255,144-54-121-255,144-54-121-255,144-54-121-255,144-54-121-255,144-54-121-255,144-54-121-255,144-54-121-255
144-54-121-255,144-54-121-255,144-54-121-255,144-54-121-255,144-54-121-255,144-54-121-255,144-54-121-255,144-54-121-255,144-54-121-255,144-54-121-255,144-54-121-255,144-54-121-255,144-54-121-255,144-54-121-255,144-54-121-255,144-54-121-255,144-54-121-255,144-54-121-255,144-54-121-255,144-54-121-255,144-54-121-255,144-54-121-255,144-54-121-255,144-54-121-255,144-54-121-255,144-54-121-255,144-54-121-255,144-54-121-255,144-54-121-255,144-54-121-255,144-54-121-255,144-54-121-255,144-54-121-255,144-54-121-255,144-54-121-255,144-54-121-255,144-54-121-255,144-54-121-255,144-54-121-255,144-54-121-255,144-54-121-255,144-54-121-255,144-54-121-255,144-54-121-255,144-54-121-255
144-54-121-255,144-54-121-255,144-54-121-255,144-54-121-255,144-54-121-255,144-54-121-255,144-54-121-255,144-54-121-255,144-54-121-255,144-54-121-255,144-54-121-255,144-54-121-255,144-54-121-255,144-54-121-255,144-54-121-255,144-54-121-255,144-54-121-255,144-54-121-255,144-54-121-255,144-54-121-255,144-54-121-255,144-54-121-255,144-54-121-255,144-54-121-255,144-54-121-255,144-54-121-255,144-54-121-255,144-54-121-255,144-54-121-255,144-54-121-255,144-54-121-255,144-54-121-255,144-54-121-255,144-54-121-255,144-54-121-255,144-54-121-255,144-54-121-255,144-54-121-255,144-54-121-255,144-54-121-255,144-54-121-255,144-54-121-255,144-54-121-255,144-54-121-255,144-54-121-255
144-54-121-255,144-54-121-255,144-54-121-255,144-54-121-255,144-54-121-255,144-54-121-255,144-54-121-255,144-54-121-255,144-54-121-255,144-54-121-255,144-54-121-255,144-54-121-255,144-54-121-255,144-54-121-255,144-54-121-255,144-54-121-255,144-54-121-255,144-54-121-255,144-54-121-255,144-54-121-255,144-54-121-255,144-54-121-255,144-54-121-255,144-54-121-255,144-54-121-255,144-54-121-255,144-54-121-255,144-54-121-255,144-54-121-255,144-54-121-255,144-54-121-255,144-54-121-255,144-54-121-255,144-54-121-255,144-54-121-255,144-54-121-255,144-54-121-255,144-54-121-255,144-54-121-255,144-54-121-255,144-54-121-255,144-54-121-255,144-54-121-255,144-54-121-255,144-54-121-255
144-54-121-255,144-54-121-255,144-54-121-255,144-54-121-255,144-54-121-255,144-54-121-255,144-54-121-255,144-54-121-255,144-54-121-255,144-54-121-255,144-54-121-255,144-54-121-255,144-54-121-255,144-54-121-255,144-54-121-255,144-54-121-255,144-54-121-255,144-54-121-255,144-54-121-255,144-54-121-255,144-54-121-255,144-54-121-255,144-54-121-255,144-54-121-255,144-54-121-255,144-54-121-255,144-54-121-255,144-54-121-255,144-54-121-255,144-54-121-255,144-54-121-255,144-54-121-255,144-54-121-255,144-54-121-255,144-54-121-255,144-54-121-255,144-54-121-255,144-54-121-255,144-54-121-255,144-54-121-255,144-54-121-255,144-54-121-255,144-54-121-255,144-54-121-255,144-54-121-255
144-54-121-255,144-54-121-255,144-54-121-255,144-54-121-255,144-54-121-255,144-54-121-255,144-54-121-255,144-54-121-255,144-54-121-255,144-54-121-255,144-54-121-255,144-54-121-255,144-54-121-255,144-54-121-255,144-54-121-255,144-54-121-255,144-54-121-255,144-54-121-255,144-54-121-255,144-54-121-255,144-54-121-255,144-54-121-255,144-54-121-255,144-54-121-255,144-54-121-255,144-54-121-255,144-54-121-255,144-54-121-255,144-54-121-255,144-54-121-255,144-54-121-255,144-54-121-255,144-54-121-255,144-54-121-255,144-54-121-255,144-54-121-255,144-54-121-255,144-54-121-255,144-54-121-255,144-54-121-255,144-54-121-255,144-54-121-255,144-54-121-255,144-54-121-255,144-54-121-255
144-54-121-255,144-54-121-255,144-54-121-255,144-54-121-255,144-54-121-255,144-54-121-255,144-54-121-255,144-54-121-255,144-54-121-255,144-54-121-255,144-54-121-255,144-54-121-255,144-54-121-255,144-54-121-255,144-54-121-255,144-54-121-255,144-54-121-255,144-54-121-255,144-54-121-255,144-54-121-255,144-54-121-255,144-54-121-255,144-54-121-255,144-54-121-255,144-54-121-255,144-54-121-255,144-54-121-255,144-54-121-255,144-54-121-255,144-54-121-255,144-54-121-255,144-54-121-255,144-54-121-255,144-54-121-255,144-54-121-255,144-54-121-255,144-54-121-255,144-54-121-255,144-54-121-255,144-54-121-255,144-54-121-255,144-54-121-255,144-54-121-255,144-54-121-255,144-54-121-255
144-54-121-255,144-54-121-255,144-54-121-255,144-54-121-255,144-54-121-255,144-54-121-255,144-54-121-255,144-54-121-255,144-54-121-255,144-54-121-255,144-54-121-255,144-54-121-255,144-54-121-255,144-54-121-255,144-54-121-255,144-54-121-255,144-54-121-255,144-54-121-255,144-54-121-255,144-54-121-255,144-54-121-255,144-54-121-255,144-54-121-255,144-54-121-255,144-54-121-255,144-54-121-255,144-54-121-255,144-54-121-255,144-54-121-255,144-54-121-255,144-54-121-255,144-54-121-255,144-54-121-255,144-54-121-255,144-54-121-255,144-54-121-255,144-54-121-255,144-54-121-255,144-54-121-255,144-54-121-255,144-54-121-255,144-54-121-255,144-54-121-255,144-54-121-255,144-54-121-255
144-54-121-255,144-54-121-255,144-54-121-255,144-54-121-255,144-54-121-255,144-54-121-255,144-54-121-255,144-54-121-255,144-54-121-255,144-54-121-255,144-54-121-255,144-54-121-255,144-54-121-255,144-54-121-255,144-54-121-255,144-54-121-255,144-54-121-255,144-54-121-255,144-54-121-255,144-54-121-255,144-54-121-255,144-54-121-255,144-54-121-255,144-54-121-255,144-54-121-255,144-54-121-255,144-54-121-255,144-54-121-255,144-54-121-255,144-54-121-255,144-54-121-255,144-54-121-255,144-54-121-255,144-54-121-255,144-54-121-255,144-54-121-255,144-54-121-255,144-54-121-255,144-54-121-255,144-54-121-255,144-54-121-255,144-54-121-255,144-54-121-255,144-54-121-255,144-54-121-255
144-54-121-255,144-54-121-255,144-54-121-255,144-54-121-255,144-54-121-255,144-54-121-255,144-54-121-255,144-54-121-255,144-54-121-255,144-54-121-255,144-54-121-255,144-54-121-255,144-54-121-255,144-54-121-255,144-54-121-255,144-54-121-255,144-54-121-255,144-54-121-255,144-54-121-255,144-54-121-255,144-54-121-255,144-54-121-255,144-54-121-255,144-54-121-255,144-54-121-255,144-54-121-255,144-54-121-255,144-54-121-255,144-54-121-255,144-54-121-255,144-54-121-255,144-54-121-255,144-54-121-255,144-54-121-255,144-54-121-255,144-54-121-255,144-54-121-255,144-54-121-255,144-54-121-255,144-54-121-255,144-54-121-255,144-54-121-255,144-54-121-255,144-54-121-255,144-54-121-255
144-54-121-255,144-54-121-255,144-54-121-255,144-54-121-255,144-54-121-255,144-54-121-255,144-54-121-255,144-54-121-255,144-54-121-255,144-54-121-255,144-54-121-255,144-54-121-255,144-54-121-255,144-54-121-255,144-54-121-255,144-54-121-255,144-54-121-255,144-54-121-255,144-54-121-255,144-54-121-255,144-54-121-255,144-54-121-255,144-54-121-255,144-54-121-255,144-54-121-255,144-54-121-255,144-54-121-255,144-54-121-255,144-54-121-255,144-54-121-255,144-54-121-255,144-54-121-255,144-54-121-255,144-54-121-255,144-54-121-255,144-54-121-255,144-54-121-255,144-54-121-255,144-54-121-255,144-54-121-255,144-54-121-255,144-54-121-255,144-54-121-255,144-54-121-255,144-54-121-255
144-54-121-255,144-54-121-255,144-54-121-255,144-54-121-255,144-54-121-255,144-54-121-255,144-54-121-255,144-54-121-255,144-54-121-255,144-54-121-255,144-54-121-255,144-54-121-255,144-54-121-255,144-54-121-255,144-54-121-255,144-54-121-255,144-54-121-255,144-54-121-255,144-54-121-255,144-54-121-255,144-54-121-255,144-54-121-255,144-54-121-255,144-54-121-255,144-54-121-255,144-54-121-255,144-54-121-255,144-54-121-255,144-54-121-255,144-54-121-255,144-54-121-255,144-54-121-255,144-54-121-255,144-54-121-255,144-54-121-255,144-54-121-255,144-54-121-255,144-54-121-255,144-54-121-255,144-54-121-255,144-54-121-255,144-54-121-255,144-54-121-255,144-54-121-255,144-54-121-255
144-54-121-255,144-54-121-255,144-54-121-255,144-54-121-255,144-54-121-255,144-54-121-255,144-54-121-255,144-54-121-255,144-54-121-255,144-54-121-255,144-54-121-255,144-54-121-255,144-54-121-255,144-54-121-255,144-54-121-255,144-54-121-255,144-54-121-255,144-54-121-255,144-54-121-255,144-54-121-255,144-54-121-255,144-54-121-255,144-54-121-255,144-54-121-255,144-54-121-255,144-54-121-255,144-54-121-255,144-54-121-255,144-54-121-255,144-54-121-255,144-54-121-255,144-54-121-255,144-54-121-255,144-54-121-255,144-54-121-255,144-54-121-255,144-54-121-255,144-54-121-255,144-54-121-255,144-54-121-255,144-54-121-255,144-54-121-255,144-54-121-255,144-54-121-255,144-54-121-255
144-54-121-255,144-54-121-255,144-54-121-255,144-54-121-255,144-54-121-255,144-54-121-255,144-54-121-255,144-54-121-255,144-54-121-255,144-54-121-255,144-54-121-255,144-54-121-255,144-54-121-255,144-54-121-255,144-54-121-255,144-54-121-255,144-54-121-255,144-54-121-255,144-54-121-255,144-54-121-255,144-54-121-255,144-54-121-255,144-54-121-255,144-54-121-255,144-54-121-255,144-54-121-255,144-54-121-255,144-54-121-255,144-54-121-255,144-54-121-255,144-54-121-255,144-54-121-255,144-54-121-255,144-54-121-255,144-54-121-255,144-54-121-255,144-54-121-255,144-54-121-255,144-54-121-255,144-54-121-255,144-54-121-255,144-54-121-255,144-54-121-255,144-54-121-255,144-54-121-255
144-54-121-255,144-54-121-255,144-54-121-255,144-54-121-255,144-54-121-255,144-54-121-255,144-54-121-255,144-54-121-255,144-54-121-255,144-54-121-255,144-54-121-255,144-54-121-255,144-54-121-255,144-54-121-255,144-54-121-255,144-54-121-255,144-54-121-255,144-54-121-255,144-54-121-255,144-54-121-255,144-54-121-255,144-54-121-255,144-54-121-255,144-54-121-255,144-54-121-255,144-54-121-255,144-54-121-255,144-54-121-255,144-54-121-255,144-54-121-255,144-54-121-255,144-54-121-255,144-54-121-255,144-54-121-255,144-54-121-255,144-54-121-255,144-54-121-255,144-54-121-255,144-54-121-255,144-54-121-255,144-54-121-255,144-54-121-255,144-54-121-255,144-54-121-255,144-54-121-255
144-54-121-255,144-54-121-255,144-54-121-255,144-54-121-255,144-54-121-255,144-54-121-255,144-54-121-255,144-54-121-255,144-54-121-255,144-54-121-255,144-54-121-255,144-54-121-255,144-54-121-255,144-54-121-255,144-54-121-255,144-54-121-255,144-54-121-255,144-54-121-255,144-54-121-255,144-54-121-255,144-54-121-255,144-54-121-255,144-54-121-255,144-54-121-255,144-54-121-255,144-54-121-255,144-54-121-255,144-54-121-255,144-54-121-255,144-54-121-255,144-54-121-255,144-54-121-255,144-54-121-255,144-54-121-255,144-54-121-255,144-54-121-255,144-54-121-255,144-54-121-255,144-54-121-255,144-54-121-255,144-54-121-255,144-54-121-255,144-54-121-255,144-54-121-255,144-54-121-255
144-54-121-255,144-54-121-255,144-54-121-255,144-54-121-255,144-54-121-255,144-54-121-255,144-54-121-255,144-54-121-255,144-54-121-255,144-54-121-255,144-54-121-255,144-54-121-255,144-54-121-255,144-54-121-255,144-54-121-255,144-54-121-255,144-54-121-255,144-54-121-255,144-54-121-255,144-54-121-255,144-54-121-255,144-54-121-255,144-54-121-255,144-54-121-255,144-54-121-255,144-54-121-255,144-54-121-255,144-54-121-255,144-54-121-255,144-54-121-255,144-54-121-255,144-54-121-255,144-54-121-255,144-54-121-255,144-54-121-255,144-54-121-255,144-54-121-255,144-54-121-255,144-54-121-255,144-54-121-255,144-54-121-255,144-54-121-255,144-54-121-255,144-54-121-255,144-54-121-255
144-54-121-255,144-54-121-255,144-54-121-255,144-54-121-255,144-54-121-255,144-54-121-255,144-54-121-255,144-54-121-255,144-54-121-255,144-54-121-255,144-54-121-255,144-54-121-255,144-54-121-255,144-54-121-255,144-54-121-255,144-54-121-255,144-54-121-255,144-54-121-255,144-54-121-255,144-54-121-255,144-54-121-255,144-54-121-255,144-54-121-255,144-54-121-255,144-54-121-255,144-54-121-255,144-54-121-255,144-54-121-255,144-54-121-255,144-54-121-255,144-54-121-255,144-54-121-255,144-54-121-255,144-54-121-255,144-54-121-255,144-54-121-255,144-54-121-255,144-54-121-255,144-54-121-255,144-54-121-255,144-54-121-255,144-54-121-255,144-54-121-255,144-54-121-255,144-54-121-255
144-54-121-255,144-54-121-255,144-54-121-255,144-54-121-255,144-54-121-255,144-54-121-255,144-54-121-255,144-54-121-255,144-54-121-255,144-54-121-255,144-54-121-255,144-54-121-255,144-54-121-255,144-54-121-255,144-54-121-255,144-54-121-255,144-54-121-255,144-54-121-255,144-54-121-255,144-54-121-255,144-54-121-255,144-54-121-255,144-54-121-255,144-54-121-255,144-54-121-255,144-54-121-255,144-54-121-255,144-54-121-255,144-54-121-255,144-54-121-255,144-54-121-255,144-54-121-255,144-54-121-255,144-54-121-255,144-54-121-255,144-54-121-255,144-54-121-255,144-54-121-255,144-54-121-255,144-54-121-255,144-54-121-255,144-54-121-255,144-54-121-255,144-54-121-255,144-54-121-255
144-54-121-255,144-54-121-255,144-54-121-255,144-54-121-255,144-54-121-255,144-54-121-255,144-54-121-255,144-54-121-255,144-54-121-255,144-54-121-255,144-54-121-255,144-54-121-255,144-54-121-255,144-54-121-255,144-54-121-255,144-54-121-255,144-54-121-255,144-54-121-255,144-54-121-255,144-54-121-255,144-54-121-255,144-54-121-255,144-54-121-255,144-54-121-255,144-54-121-255,144-54-121-255,144-54-121-255,144-54-121-255,144-54-121-255,144-54-121-255,144-54-121-255,144-54-121-255,144-54-121-255,144-54-121-255,144-54-121-255,144-54-121-255,144-54-121-255,144-54-121-255,144-54-121-255,144-54-121-255,144-54-121-255,144-54-121-255,144-54-121-255,144-54-121-255,144-54-121-255
144-54-121-255,144-54-121-255,144-54-121-255,144-54-121-255,144-54-121-255,144-54-121-255,144-54-121-255,144-54-121-255,144-54-121-255,144-54-121-255,144-54-121-255,144-54-121-255,144-54-121-255,144-54-121-255,144-54-121-255,144-54-121-255,144-54-121-255,144-54-121-255,144-54-121-255,144-54-121-255,144-54-121-255,144-54-121-255,144-54-121-255,144-54-121-255,144-54-121-255,144-54-121-255,144-54-121-255,144-54-121-255,144-54-121-255,144-54-121-255,144-54-121-255,144-54-121-255,144-54-121-255,144-54-121-255,144-54-121-255,144-54-121-255,144-54-121-255,144-54-121-255,144-54-121-255,144-54-121-255,144-54-121-255,144-54-121-255,144-54-121-255,144-54-121-255,144-54-121-255
144-54-121-255,144-54-121-255,144-54-121-255,144-54-121-255,144-54-121-255,144-54-121-255,144-54-121-255,144-54-121-255,144-54-121-255,144-54-121-255,144-54-121-255,144-54-121-255,144-54-121-255,144-54-121-255,144-54-121-255,144-54-121-255,144-54-121-255,144-54-121-255,144-54-121-255,144-54-121-255,144-54-121-255,144-54-121-255,144-54-121-255,144-54-121-255,144-54-121-255,144-54-121-255,144-54-121-255,144-54-121-255,144-54-121-255,144-54-121-255,144-54-121-255,144-54-121-255,144-54-121-255,144-54-121-255,144-54-121-255,144-54-121-255,144-54-121-255,144-54-121-255,144-54-121-255,144-54-121-255,144-54-121-255,144-54-121-255,144-54-121-255,144-54-121-255,144-54-121-255
144-54-121-255,144-54-121-255,144-54-121-255,144-54-121-255,144-54-121-255,144-54-121-255,144-54-121-255,144-54-121-255,144-54-121-255,144-54-121-255,144-54-121-255,144-54-121-255,144-54-121-255,144-54-121-255,144-54-121-255,144-54-121-255,144-54-121-255,144-54-121-255,144-54-121-255,144-54-121-255,144-54-121-255,144-54-121-255,144-54-121-255,144-54-121-255,144-54-121-255,144-54-121-255,144-54-121-255,144-54-121-255,144-54-121-255,144-54-121-255,144-54-121-255,144-54-121-255,144-54-121-255,144-54-121-255,144-54-121-255,144-54-121-255,144-54-121-255,144-54-121-255,144-54-121-255,144-54-121-255,144-54-121-255,144-54-121-255,144-54-121-255,144-54-121-255,144-54-121-255
144-54-121-255,144-54-121-255,144-54-121-255,144-54-121-255,144-54-121-255,144-54-121-255,144-54-121-255,144-54-121-255,144-54-121-255,144-54-121-255,144-54-121-255,144-54-121-255,144-54-121-255,144-54-121-255,144-54-121-255,144-54-121-255,144-54-121-255,144-54-121-255,144-54-121-255,144-54-121-255,144-54-121-255,144-54-121-255,144-54-121-255,144-54-121-255,144-54-121-255,144-54-121-255,144-54-121-255,144-54-121-255,144-54-121-255,144-54-121-255,144-54-121-255,144-54-121-255,144-54-121-255,144-54-121-255,144-54-121-255,144-54-121-255,144-54-121-255,144-54-121-255,144-54-121-255,144-54-121-255,144-54-121-255,144-54-121-255,144-54-121-255,144-54-121-255,144-54-121-255
144-54-121-255,144-54-121-255,144-54-121-255,144-54-121-255,144-54-121-255,144-54-121-255,144-54-121-255,144-54-121-255,144-54-121-255,144-54-121-255,144-54-121-255,144-54-121-255,144-54-121-255,144-54-121-255,144-54-121-255,144-54-121-255,144-54-121-255,144-54-121-255,144-54-121-255,144-54-121-255,144-54-121-255,144-54-121-255,144-54-121-255,144-54-121-255,144-54-121-255,144-54-121-255,144-54-121-255,144-54-121-255,144-54-121-255,144-54-121-255,144-54-121-255,144-54-121-255,144-54-121-255,144-54-121-255,144-54-121-255,144-54-121-255,144-54-121-255,144-54-121-255,144-54-121-255,144-54-121-255,144-54-121-255,144-54-121-255,144-54-121-255,144-54-121-255,144-54-121-255
144-54-121-255,144-54-121-255,144-54-121-255,144-54-121-255,144-54-121-255,144-54-121-255,144-54-121-255,144-54-121-255,144-54-121-255,144-54-121-255,144-54-121-255,144-54-121-255,144-54-121-255,144-54-121-255,144-54-121-255,144-54-121-255,144-54-121-255,144-54-121-255,144-54-121-255,144-54-121-255,144-54-121-255,144-54-121-255,144-54-121-255,144-54-121-255,144-54-121-255,144-54-121-255,144-54-121-255,144-54-121-255,144-54-121-255,144-54-121-255,144-54-121-255,144-54-121-255,144-54-121-255,144-54-121-255,144-54-121-255,144-54-121-255,144-54-121-255,144-54-121-255,144-54-121-255,144-54-121-255,144-54-121-255,144-54-121-255,144-54-121-255,144-54-121-255,144-54-121-255
144-54-121-255,144-54-121-255,144-54-121-255,144-54-121-255,144-54-121-255,144-54-121-255,144-54-121-255,144-54-121-255,144-54-121-255,144-54-121-255,144-54-121-255,144-54-121-255,144-54-121-255,144-54-121-255,144-54-121-255,144-54-121-255,144-54-121-255,144-54-121-255,144-54-121-255,144-54-121-255,144-54-121-255,144-54-121-255,144-54-121-255,144-54-121-255,144-54-121-255,144-54-121-255,144-54-121-255,144-54-121-255,144-54-121-255,144-54-121-255,144-54-121-255,144-54-121-255,144-54-121-255,144-54-121-255,144-54-121-255,144-54-121-255,144-54-121-255,144-54-121-255,144-54-121-255,144-54-121-255,144-54-121-255,144-54-121-255,144-54-121-255,144-54-121-255,144-54-121-255
144-54-121-255,144-54-121-255,144-54-121-255,144-54-121-255,144-54-121-255,144-54-121-255,144-54-121-255,144-54-121-255,144-54-121-255,144-54-121-255,144-54-121-255,144-54-121-255,144-54-121-255,144-54-121-255,144-54-121-255,144-54-121-255,144-54-121-255,144-54-121-255,144-54-121-255,144-54-121-255,144-54-121-255,144-54-121-255,144-54-121-255,144-54-121-255,144-54-121-255,144-54-121-255,144-54-121-255,144-54-121-255,144-54-121-255,144-54-121-255,144-54-121-255,144-54-121-255,144-54-121-255,144-54-121-255,144-54-121-255,144-54-121-255,144-54-121-255,144-54-121-255,144-54-121-255,144-54-121-255,144-54-121-255,144-54-121-255,144-54-121-255,144-54-121-255,144-54-121-255
144-54-121-255,144-54-121-255,144-54-121-255,144-54-121-255,144-54-121-255,144-54-121-255,144-54-121-255,144-54-121-255,144-54-121-255,144-54-121-255,144-54-121-255,144-54-121-255,144-54-121-255,144-54-121-255,144-54-121-255,144-54-121-255,144-54-121-255,144-54-121-255,144-54-121-255,144-54-121-255,144-54-121-255,144-54-121-255,144-54-121-255,144-54-121-255,144-54-121-255,144-54-121-255,144-54-121-255,144-54-121-255,144-54-121-255,144-54-121-255,144-54-121-255,144-54-121-255,144-54-121-255,144-54-121-255,144-54-121-255,144-54-121-255,144-54-121-255,144-54-121-255,144-54-121-255,144-54-121-255,144-54-121-255,144-54-121-255,144-54-121-255,144-54-121-255,144-54-121-255
144-54-121-255,144-54-121-255,144-54-121-255,144-54-121-255,144-54-121-255,144-54-121-255,144-54-121-255,144-54-121-255,144-54-121-255,144-54-121-255,144-54-121-255,144-54-121-255,144-54-121-255,144-54-121-255,144-54-121-255,144-54-121-255,144-54-121-255,144-54-121-255,144-54-121-255,144-54-121-255,144-54-121-255,144-54-121-255,144-54-121-255,144-54-121-255,144-54-121-255,144-54-121-255,144-54-121-255,144-54-121-255,144-54-121-255,144-54-121-255,144-54-121-255,144-54-121-255,144-54-121-255,144-54-121-255,144-54-121-255,144-54-121-255,144-54-121-255,144-54-121-255,144-54-121-255,144-54-121-255,144-54-121-255,144-54-121-255,144-54-121-255,144-54-121-255,144-54-121-255
144-54-121-255,144-54-121-255,144-54-121-255,144-54-121-255,144-54-121-255,144-54-121-255,144-54-121-255,144-54-121-255,144-54-121-255,144-54-121-255,144-54-121-255,144-54-121-255,144-54-121-255,144-54-121-255,144-54-121-255,144-54-121-255,144-54-121-255,144-54-121-255,144-54-121-255,144-54-121-255,144-54-121-255,144-54-121-255,144-54-121-255,144-54-121-255,144-54-121-255,144-54-121-255,144-54-121-255,144-54-121-255,144-54-121-255,144-54-121-255,144-54-121-255,144-54-121-255,144-54-121-255,144-54-121-255,144-54-121-255,144-54-121-255,144-54-121-255,144-54-121-255,144-54-121-255,144-54-121-255,144-54-121-255,144-54-121-255,144-54-121-255,144-54-121-255,144-54-121-255
144-54-121-255,144-54-121-255,144-54-121-255,144-54-121-255,144-54-121-255,144-54-121-255,144-54-121-255,144-54-121-255,144-54-121-255,144-54-121-255,144-54-121-255,144-54-121-255,144-54-121-255,144-54-121-255,144-54-121-255,144-54-121-255,144-54-121-255,144-54-121-255,144-54-121-255,144-54-121-255,144-54-121-255,144-54-121-255,144-54-121-255,144-54-121-255,144-54-121-255,144-54-121-255,144-54-121-255,144-54-121-255,144-54-121-255,144-54-121-255,144-54-121-255,144-54-121-255,144-54-121-255,144-54-121-255,144-54-121-255,144-54-121-255,144-54-121-255,144-54-121-255,144-54-121-255,144-54-121-255,144-54-121-255,144-54-121-255,144-54-121-255,144-54-121-255,144-54-121-255
144-54-121-255,144-54-121-255,144-54-121-255,144-54-121-255,144-54-121-255,144-54-121-255,144-54-121-255,144-54-121-255,144-54-121-255,144-54-121-255,144-54-121-255,144-54-121-255,144-54-121-255,144-54-121-255,144-54-121-255,144-54-121-255,144-54-121-255,144-54-121-255,144-54-121-255,144-54-121-255,144-54-121-255,144-54-121-255,144-54-121-255,144-54-121-255,144-54-121-255,144-54-121-255,144-54-121-255,144-54-121-255,144-54-121-255,144-54-121-255,144-54-121-255,144-54-121-255,144-54-121-255,144-54-121-255,144-54-121-255,144-54-121-255,144-54-121-255,144-54-121-255,144-54-121-255,144-54-121-255,144-54-121-255,144-54-121-255,144-54-121-255,144-54-121-255,144-54-121-255
144-54-121-255,144-54-121-255,144-54-121-255,144-54-121-255,144-54-121-255,144-54-121-255,144-54-121-255,144-54-121-255,144-54-121-255,144-54-121-255,144-54-121-255,144-54-121-255,144-54-121-255,144-54-121-255,144-54-121-255,144-54-121-255,144-54-121-255,144-54-121-255,144-54-121-255,144-54-121-255,144-54-121-255,144-54-121-255,144-54-121-255,144-54-121-255,144-54-121-255,144-54-121-255,144-54-121-255,144-54-121-255,144-54-121-255,144-54-121-255,144-54-121-255,144-54-121-255,144-54-121-255,144-54-121-255,144-54-121-255,144-54-121-255,144-54-121-255,144-54-121-255,144-54-121-255,144-54-121-255,144-54-121-255,144-54-121-255,144-54-121-255,144-54-121-255,144-54-121-255
144-54-121-255,144-54-121-255,144-54-121-255,144-54-121-255,144-54-121-255,144-54-121-255,144-54-121-255,144-54-121-255,144-54-121-255,144-54-121-255,144-54-121-255,144-54-121-255,144-54-121-255,144-54-121-255,144-54-121-255,144-54-121-255,144-54-121-255,144-54-121-255,144-54-121-255,144-54-121-255,144-54-121-255,144-54-121-255,144-54-121-255,144-54-121-255,144-54-121-255,144-54-121-255,144-54-121-255,144-54-121-255,144-54-121-255,144-54-121-255,144-54-121-255,144-54-121-255,144-54-121-255,144-54-121-255,144-54-121-255,144-54-121-255,144-54-121-255,144-54-121-255,144-54-121-255,144-54-121-255,144-54-121-255,144-54-121-255,144-54-121-255,144-54-121-255,144-54-121-255
144-54-121-255,144-54-121-255,144-54-121-255,144-54-121-255,144-54-121-255,144-54-121-255,144-54-121-255,144-54-121-255,144-54-121-255,144-54-121-255,144-54-121-255,144-54-121-255,144-54-121-255,144-54-121-255,144-54-121-255,144-54-121-255,144-54-121-255,144-54-121-255,144-54-121-255,144-54-121-255,144-54-121-255,144-54-121-255,144-54-121-255,144-54-121-255,144-54-121-255,144-54-121-255,144-54-121-255,144-54-121-255,144-54-121-255,144-54-121-255,144-54-121-255,144-54-121-255,144-54-121-255,144-54-121-255,144-54-121-255,144-54-121-255,144-54-121-255,144-54-121-255,144-54-121-255,144-54-121-255,144-54-121-255,144-54-121-255,144-54-121-255,144-54-121-255,144-54-121-255
144-54-121-255,144-54-121-255,144-54-121-255,144-54-121-255,144-54-121-255,144-54-121-255,144-54-121-255,144-54-121-255,144-54-121-255,144-54-121-255,144-54-121-255,144-54-121-255,144-54-121-255,144-54-121-255,144-54-121-255,144-54-121-255,144-54-121-255,144-54-121-255,144-54-121-255,144-54-121-255,144-54-121-255,144-54-121-255,144-54-121-255,144-54-121-255,144-54-121-255,144-54-121-255,144-54-121-255,144-54-121-255,144-54-121-255,144-54-121-255,144-54-121-255,144-54-121-255,144-54-121-255,144-54-121-255,144-54-121-255,144-54-121-255,144-54-121-255,144-54-121-255,144-54-121-255,144-54-121-255,144-54-121-255,144-54-121-255,144-54-121-255,144-54-121-255,144-54-121-255
144-54-121-255,144-54-121-255,144-54-121-255,144-54-121-255,144-54-121-255,144-54-121-255,144-54-121-255,144-54-121-255,144-54-121-255,144-54-121-255,144-54-121-255,144-54-121-255,144-54-121-255,144-54-121-255,144-54-121-255,144-54-121-255,144-54-121-255,144-54-121-255,144-54-121-255,144-54-121-255,144-54-121-255,144-54-121-255,144-54-121-255,144-54-121-255,144-54-121-255,144-54-121-255,144-54-121-255,144-54-121-255,144-54-121-255,144-54-121-255,144-54-121-255,144-54-121-255,144-54-121-255,144-54-121-255,144-54-121-255,144-54-121-255,144-54-121-255,144-54-121-255,144-54-121-255,144-54-121-255,144-54-121-255,144-54-121-255,144-54-121-255,144-54-121-255,144-54-121-255
144-54-121-255,144-54-121-255,144-54-121-255,144-54-121-255,144-54-121-255,144-54-121-255,144-54-121-255,144-54-121-255,144-54-121-255,144-54-121-255,144-54-121-255,144-54-121-255,144-54-121-255,144-54-121-255,144-54-121-255,144-54-121-255,144-54-121-255,144-54-121-255,144-54-121-255,144-54-121-255,144-54-121-255,144-54-121-255,144-54-121-255,144-54-121-255,144-54-121-255,144-54-121-255,144-54-121-255,144-54-121-255,144-54-121-255,144-54-121-255,144-54-121-255,144-54-121-255,144-54-121-255,144-54-121-255,144-54-121-255,144-54-121-255,144-54-121-255,144-54-121-255,144-54-121-255,144-54-121-255,144-54-121-255,144-54-121-255,144-54-121-255,144-54-121-255,144-54-121-255
144-54-121-255,144-54-121-255,144-54-121-255,144-54-121-255,144-54-121-255,144-54-121-255,144-54-121-255,144-54-121-255,144-54-121-255,144-54-121-255,144-54-121-255,144-54-121-255,144-54-121-255,144-54-121-255,144-54-121-255,144-54-121-255,144-54-121-255,144-54-121-255,144-54-121-255,144-54-121-255,144-54-121-255,144-54-121-255,144-54-121-255,144-54-121-255,144-54-121-255,144-54-121-255,144-54-121-255,144-54-121-255,144-54-121-255,144-54-121-255,144-54-121-255,144-54-121-255,144-54-121-255,144-54-121-255,144-54-121-255,144-54-121-255,144-54-121-255,144-54-121-255,144-54-121-255,144-54-121-255,144-54-121-255,144-54-121-255,144-54-121-255,144-54-121-255,144-54-121-255
144-54-121-255,144-54-121-255,144-54-121-255,144-54-121-255,144-54-121-255,144-54-121-255,144-54-121-255,144-54-121-255,144-54-121-255,144-54-121-255,144-54-121-255,144-54-121-255,144-54-121-255,144-54-121-255,144-54-121-255,144-54-121-255,144-54-121-255,144-54-121-255,144-54-121-255,144-54-121-255,144-54-121-255,144-54-121-255,144-54-121-255,144-54-121-255,144-54-121-255,144-54-121-255,144-54-121-255,144-54-121-255,144-54-121-255,144-54-121-255,144-54-121-255,144-54-121-255,144-54-121-255,144-54-121-255,144-54-121-255,144-54-121-255,144-54-121-255,144-54-121-255,144-54-121-255,144-54-121-255,144-54-121-255,144-54-121-255,144-54-121-255,144-54-121-255,144-54-121-255
