57-37-170-255,57-37-170-255,57-37-170-255,57-37-170-255,57-37-170-255,57-37-170-255,57-37-170-255,57-37-170-255,57-37-170-255,57-37-170-255,57-37-170-255,57-37-170-255,57-37-170-255,57-37-170-255,57-37-170-255,57-37-170-255,57-37-170-255,57-37-170-255,57-37-170-255,57-37-170-255,57-37-170-255,57-37-170-255,57-37-170-255,57-37-170-255,57-37-170-255,57-37-170-255,57-37-170-255,57-37-170-255,57-37-170-255,57-37-170-255
57-37-170-255,57-37-170-255,57-37-170-255,57-37-170-255,57-37-170-255,57-37-170-255,57-37-170-255,57-37-170-255,57-37-170-255,57-37-170-255,57-37-170-255,57-37-170-255,57-37-170-255,57-37-170-255,57-37-170-255,57-37-170-255,57-37-170-255,57-37-170-255,57-37-170-255,57-37-170-255,57-37-170-255,57-37-170-255,57-37-170-255,57-37-170-255,57-37-170-255,57-37-170-255,57-37-170-255,57-37-170-255,57-37-170-255,57-37-170-255
57-37-170-255,57-37-170-255,57-37-170-255,57-37-170-255,57-37-170-255,57-37-170-255,57-37-170-255,57-37-170-255,57-37-170-255,57-37-170-255,57-37-170-255,57-37-170-255,57-37-170-255,57-37-170-255,57-37-170-255,57-37-170-255,57-37-170-255,57-37-170-255,57-37-170-255,57-37-170-255,57-37-170-255,57-37-170-255,57-37-170-255,57-37-170-255,57-37-170-255,57-37-170-255,57-37-170-255,57-37-170-255,57-37-170-255,57-37-170-255
57-37-170-255,57-37-170-255,57-37-170-255,57-37-170-255,57-37-170-255,57-37-170-255,57-37-170-255,57-37-170-255,57-37-170-255,57-37-170-255,57-37-170-255,57-37-170-255,57-37-170-255,57-37-170-255,57-37-170-255,57-37-170-255,57-37-170-255,57-37-170-255,57-37-170-255,57-37-170-255,57-37-170-255,57-37-170-255,57-37-170-255,57-37-170-255,57-37-170-255,57-37-170-255,57-37-170-255,57-37-170-255,57-37-170-255,57-37-170-255
57-37-170-255,57-37-170-255,57-37-170-255,57-37-170-255,57-37-170-255,57-37-170-255,57-37-170-255,57-37-170-255,57-37-170-255,57-37-170-255,57-37-170-255,57-37-170-255,57-37-170-255,57-37-170-255,57-37-170-255,57-37-170-255,57-37-170-255,57-37-170-255,57-37-170-255,57-37-170-255,57-37-170-255,57-37-170-255,57-37-170-255,57-37-170-255,57-37-170-255,57-37-170-255,57-37-170-255,57-37-170-255,57-37-170-255,57-37-170-255
57-37-170-255,57-37-170-255,57-37-170-255,57-37-170-255,57-37-170-255,57-37-170-255,57-37-170-255,57-37-170-255,57-37-170-255,57-37-170-255,57-37-170-255,57-37-170-255,57-37-170-255,57-37-170-255,57-37-170-255,57-37-170-255,57-37-170-255,57-37-170-255,57-37-170-255,57-37-170-255,57-37-170-255,57-37-170-255,57-37-170-255,57-37-170-255,57-37-170-255,57-37-170-255,57-37-170-255,57-37-170-255,57-37-170-255,57-37-170-255
57-37-170-255,57-37-170-255,57-37-170-255,57-37-170-255,57-37-170-255,57-37-170-255,57-37-170-255,57-37-170-255,57-37-170-255,57-37-170-255,57-37-170-255,57-37-170-255,57-37-170-255,57-37-170-255,57-37-170-255,57-37-170-255,57-37-170-255,57-37-170-255,57-37-170-255,57-37-170-255,57-37-170-255,57-37-170-255,57-37-170-255,57-37-170-255,57-37-170-255,57-37-170-255,57-37-170-255,57-37-170-255,57-37-170-255,57-37-170-255
57-37-170-255,57-37-170-255,57-37-170-255,57-37-170-255,57-37-170-255,57-37-170-255,57-37-170-255,57-37-170-255,57-37-170-255,57-37-170-255,57-37-170-255,57-37-170-255,57-37-170-255,57-37-170-255,57-37-170-255,57-37-170-255,57-37-170-255,57-37-170-255,57-37-170-255,57-37-170-255,57-37-170-255,57-37-170-255,57-37-170-255,57-37-170-255,57-37-170-255,57-37-170-255,57-37-170-255,57-37-170-255,57-37-170-255,57-37-170-255
57-37-170-255,57-37-170-255,57-37-170-255,57-37-170-255,57-37-170-255,57-37-170-255,57-37-170-255,57-37-170-255,57-37-170-255,57-37-170-255,57-37-170-255,57-37-170-255,57-37-170-255,57-37-170-255,57-37-170-255,57-37-170-255,57-37-170-255,57-37-170-255,57-37-170-255,57-37-170-255,57-37-170-255,57-37-170-255,57-37-170-255,57-37-170-255,57-37-170-255,57-37-170-255,57-37-170-255,57-37-170-255,57-37-170-255,57-37-170-255
57-37-170-255,57-37-170-255,57-37-170-255,57-37-170-255,57-37-170-255,57-37-170-255,57-37-170-255,57-37-170-255,57-37-170-255,57-37-170-255,57-37-170-255,57-37-170-255,57-37-170-255,57-37-170-255,57-37-170-255,57-37-170-255,57-37-170-255,57-37-170-255,57-37-170-255,57-37-170-255,57-37-170-255,57-37-170-255,57-37-170-255,57-37-170-255,57-37-170-255,57-37-170-255,57-37-170-255,57-37-170-255,57-37-170-255,57-37-170-255
57-37-170-255,57-37-170-255,57-37-170-255,57-37-170-255,57-37-170-255,57-37-170-255,57-37-170-255,57-37-170-255,57-37-170-255,255-240-135-255,255-240-135-255,57-37-170-255,57-37-170-255,255-240-135-255,255-240-135-255,57-37-170-255,57-37-170-255,57-37-170-255,57-37-170-255,57-37-170-255,57-37-170-255,57-37-170-255,57-37-170-255,57-37-170-255,57-37-170-255,57-37-170-255,57-37-170-255,57-37-170-255,57-37-170-255,57-37-170-255
57-37-170-255,57-37-170-255,57-37-170-255,57-37-170-255,57-37-170-255,57-37-170-255,57-37-170-255,57-37-170-255,57-37-170-255,255-240-135-255,255-240-135-255,57-37-170-255,57-37-170-255,255-240-135-255,255-240-135-255,57-37-170-255,57-37-170-255,57-37-170-255,57-37-170-255,57-37-170-255,57-37-170-255,57-37-170-255,57-37-170-255,57-37-170-255,57-37-170-255,57-37-170-255,57-37-170-255,57-37-170-255,57-37-170-255,57-37-170-255
57-37-170-255,57-37-170-255,57-37-170-255,57-37-170-255,57-37-170-255,57-37-170-255,57-37-170-255,57-37-170-255,57-37-170-255,57-37-170-255,57-37-170-255,57-37-170-255,57-37-170-255,57-37-170-255,57-37-170-255,57-37-170-255,57-37-170-255,57-37-170-255,57-37-170-255,57-37-170-255,57-37-170-255,57-37-170-255,57-37-170-255,57-37-170-255,57-37-170-255,57-37-170-255,154-51-91-255,154-51-91-255,154-51-91-255,57-37-170-255
57-37-170-255,57-37-170-255,57-37-170-255,57-37-170-255,57-37-170-255,57-37-170-255,57-37-170-255,57-37-170-255,57-37-170-255,57-37-170-255,57-37-170-255,154-51-91-255,154-51-91-255,57-37-170-255,57-37-170-255,57-37-170-255,57-37-170-255,57-37-170-255,57-37-170-255,57-37-170-255,57-37-170-255,57-37-170-255,57-37-170-255,57-37-170-255,57-37-170-255,57-37-170-255,154-51-91-255,154-51-91-255,154-51-91-255,57-37-170-255
57-37-170-255,57-37-170-255,57-37-170-255,57-37-170-255,57-37-170-255,57-37-170-255,57-37-170-255,255-240-135-255,255-240-135-255,57-37-170-255,154-51-91-255,154-51-91-255,154-51-91-255,154-51-91-255,57-37-170-255,255-240-135-255,255-240-135-255,57-37-170-255,57-37-170-255,57-37-170-255,57-37-170-255,57-37-170-255,57-37-170-255,57-37-170-255,57-37-170-255,57-37-170-255,154-51-91-255,154-51-91-255,154-51-91-255,57-37-170-255
57-37-170-255,57-37-170-255,57-37-170-255,57-37-170-255,57-37-170-255,57-37-170-255,57-37-170-255,255-240-135-255,255-240-135-255,57-37-170-255,154-51-91-255,154-51-91-255,154-51-91-255,154-51-91-255,57-37-170-255,255-240-135-255,255-240-135-255,57-37-170-255,57-37-170-255,57-37-170-255,57-37-170-255,57-37-170-255,57-37-170-255,57-37-170-255,57-37-170-255,57-37-170-255,154-51-91-255,154-51-91-255,154-51-91-255,57-37-170-255
57-37-170-255,57-37-170-255,57-37-170-255,57-37-170-255,57-37-170-255,57-37-170-255,57-37-170-255,57-37-170-255,57-37-170-255,57-37-170-255,57-37-170-255,154-51-91-255,154-51-91-255,57-37-170-255,57-37-170-255,57-37-170-255,57-37-170-255,57-37-170-255,57-37-170-255,57-37-170-255,57-37-170-255,57-37-170-255,57-37-170-255,57-37-170-255,57-37-170-255,57-37-170-255,154-51-91-255,154-51-91-255,154-51-91-255,57-37-170-255
57-37-170-255,57-37-170-255,57-37-170-255,57-37-170-255,57-37-170-255,57-37-170-255,57-37-170-255,57-37-170-255,57-37-170-255,57-37-170-255,57-37-170-255,57-37-170-255,57-37-170-255,57-37-170-255,57-37-170-255,57-37-170-255,57-37-170-255,57-37-170-255,57-37-170-255,57-37-170-255,57-37-170-255,57-37-170-255,57-37-170-255,57-37-170-255,57-37-170-255,57-37-170-255,154-51-91-255,154-51-91-255,154-51-91-255,57-37-170-255
57-37-170-255,57-37-170-255,57-37-170-255,57-37-170-255,57-37-170-255,57-37-170-255,57-37-170-255,57-37-170-255,57-37-170-255,255-240-135-255,255-240-135-255,57-37-170-255,57-37-170-255,255-240-135-255,255-240-135-255,57-37-170-255,57-37-170-255,57-37-170-255,57-37-170-255,57-37-170-255,57-37-170-255,57-37-170-255,57-37-170-255,57-37-170-255,57-37-170-255,57-37-170-255,57-37-170-255,57-37-170-255,57-37-170-255,57-37-170-255
57-37-170-255,57-37-170-255,57-37-170-255,57-37-170-255,57-37-170-255,57-37-170-255,57-37-170-255,57-37-170-255,57-37-170-255,255-240-135-255,255-240-135-255,57-37-170-255,57-37-170-255,255-240-135-255,255-240-135-255,57-37-170-255,57-37-170-255,57-37-170-255,57-37-170-255,57-37-170-255,57-37-170-255,57-37-170-255,57-37-170-255,57-37-170-255,57-37-170-255,57-37-170-255,57-37-170-255,57-37-170-255,57-37-170-255,57-37-170-255
57-37-170-255,57-37-170-255,57-37-170-255,57-37-170-255,57-37-170-255,57-37-170-255,57-37-170-255,57-37-170-255,57-37-170-255,57-37-170-255,57-37-170-255,57-37-170-255,57-37-170-255,57-37-170-255,57-37-170-255,57-37-170-255,57-37-170-255,57-37-170-255,57-37-170-255,57-37-170-255,57-37-170-255,57-37-170-255,57-37-170-255,57-37-170-255,57-37-170-255,57-37-170-255,57-37-170-255,57-37-170-255,57-37-170-255,57-37-170-255
57-37-170-255,57-37-170-255,57-37-170-255,57-37-170-255,57-37-170-255,57-37-170-255,57-37-170-255,57-37-170-255,57-37-170-255,57-37-170-255,57-37-170-255,57-37-170-255,57-37-170-255,57-37-170-255,57-37-170-255,57-37-170-255,57-37-170-255,57-37-170-255,57-37-170-255,57-37-170-255,57-37-170-255,57-37-170-255,57-37-170-255,57-37-170-255,57-37-170-255,57-37-170-255,57-37-170-255,57-37-170-255,57-37-170-255,57-37-170-255
57-37-170-255,57-37-170-255,57-37-170-255,57-37-170-255,57-37-170-255,57-37-170-255,57-37-170-255,57-37-170-255,57-37-170-255,57-37-170-255,57-37-170-255,57-37-170-255,57-37-170-255,57-37-170-255,57-37-170-255,57-37-170-255,57-37-170-255,57-37-170-255,57-37-170-255,57-37-170-255,57-37-170-255,57-37-170-255,57-37-170-255,57-37-170-255,57-37-170-255,57-37-170-255,57-37-170-255,57-37-170-255,57-37-170-255,57-37-170-255
57-37-170-255,57-37-170-255,57-37-170-255,57-37-170-255,57-37-170-255,57-37-170-255,57-37-170-255,57-37-170-255,57-37-170-255,57-37-170-255,57-37-170-255,57-37-170-255,57-37-170-255,57-37-170-255,57-37-170-255,57-37-170-255,57-37-170-255,57-37-170-255,57-37-170-255,57-37-170-255,57-37-170-255,57-37-170-255,57-37-170-255,57-37-170-255,57-37-170-255,57-37-170-255,57-37-170-255,57-37-170-255,57-37-170-255,57-37-170-255
57-37-170-255,57-37-170-255,57-37-170-255,57-37-170-255,57-37-170-255,57-37-170-255,57-37-170-255,57-37-170-255,57-37-170-255,57-37-170-255,57-37-170-255,57-37-170-255,57-37-170-255,57-37-170-255,57-37-170-255,57-37-170-255,57-37-170-255,57-37-170-255,57-37-170-255,57-37-170-255,57-37-170-255,57-37-170-255,57-37-170-255,57-37-170-255,57-37-170-255,57-37-170-255,57-37-170-255,57-37-170-255,57-37-170-255,57-37-170-255
57-37-170-255,57-37-170-255,57-37-170-255,57-37-170-255,57-37-170-255,57-37-170-255,57-37-170-255,57-37-170-255,57-37-170-255,57-37-170-255,57-37-170-255,57-37-170-255,57-37-170-255,57-37-170-255,57-37-170-255,57-37-170-255,57-37-170-255,57-37-170-255,57-37-170-255,57-37-170-255,57-37-170-255,57-37-170-255,57-37-170-255,57-37-170-255,57-37-170-255,57-37-170-255,57-37-170-255,57-37-170-255,57-37-170-255,57-37-170-255
57-37-170-255,57-37-170-255,57-37-170-255,57-37-170-255,57-37-170-255,57-37-170-255,57-37-170-255,57-37-170-255,57-37-170-255,57-37-170-255,57-37-170-255,57-37-170-255,57-37-170-255,57-37-170-255,57-37-170-255,57-37-170-255,57-37-170-255,57-37-170-255,57-37-170-255,57-37-170-255,57-37-170-255,57-37-170-255,57-37-170-255,57-37-170-255,57-37-170-255,57-37-170-255,57-37-170-255,57-37-170-255,57-37-170-255,57-37-170-255
57-37-170-255,57-37-170-255,57-37-170-255,57-37-170-255,57-37-170-255,57-37-170-255,57-37-170-255,57-37-170-255,57-37-170-255,57-37-170-255,57-37-170-255,57-37-170-255,57-37-170-255,57-37-170-255,57-37-170-255,57-37-170-255,57-37-170-255,57-37-170-255,57-37-170-255,57-37-170-255,57-37-170-255,57-37-170-255,57-37-170-255,57-37-170-255,57-37-170-255,57-37-170-255,57-37-170-255,57-37-170-255,57-37-170-255,57-37-170-255
57-37-170-255,57-37-170-255,57-37-170-255,57-37-170-255,57-37-170-255,57-37-170-255,57-37-170-255,57-37-170-255,57-37-170-255,57-37-170-255,57-37-170-255,57-37-170-255,57-37-170-255,57-37-170-255,57-37-170-255,57-37-170-255,57-37-170-255,57-37-170-255,57-37-170-255,57-37-170-255,57-37-170-255,57-37-170-255,57-37-170-255,57-37-170-255,57-37-170-255,57-37-170-255,57-37-170-255,57-37-170-255,57-37-170-255,57-37-170-255
57-37-170-255,57-37-170-255,57-37-170-255,57-37-170-255,57-37-170-255,57-37-170-255,57-37-170-255,57-37-170-255,57-37-170-255,57-37-170-255,57-37-170-255,57-37-170-255,57-37-170-255,57-37-170-255,57-37-170-255,57-37-170-255,57-37-170-255,57-37-170-255,57-37-170-255,57-37-170-255,57-37-170-255,57-37-170-255,57-37-170-255,57-37-170-255,57-37-170-255,57-37-170-255,57-37-170-255,57-37-170-255,57-37-170-255,57-37-170-255
